'VIDEO: Vatican priests who are also recession astrophysicists',http://www.bbc.co.uk/news/magazine-31051635#sa-ns_mchannel=rss&ns_source=PublicRSS20-sa,true
'Minimising the hacker threat',http://www.bbc.co.uk/news/business-31048811#sa-ns_mchannel=rss&ns_source=PublicRSS20-sa,false
'How accurate are 'due dates'?',http://www.bbc.co.uk/news/magazine-31046144#sa-ns_mchannel=rss&ns_source=PublicRSS20-sa,false
'HS2 Bill tackles the nitty-gritty',http://www.bbc.co.uk/news/technology-31109340#sa-ns_mchannel=rss&ns_source=PublicRSS20-sa,false
'The scale of abuse',http://www.bbc.co.uk/news/magazine-31090416#sa-ns_mchannel=rss&ns_source=PublicRSS20-sa,false
'The men of steel with a softer side',http://www.bbc.co.uk/news/magazine-31057308#sa-ns_mchannel=rss&ns_source=PublicRSS20-sa,false
'In pictures: UK snow 3 February 2015',http://www.bbc.co.uk/news/uk-31110054#sa-ns_mchannel=rss&ns_source=PublicRSS20-sa,false
'Boko Haram attack: What happened in Baga?',http://www.bbc.co.uk/news/world-africa-30987043#sa-ns_mchannel=rss&ns_source=PublicRSS20-sa,false
'VIDEO: Footage shows huge starling formation',http://www.bbc.co.uk/news/science-environment-31105433#sa-ns_mchannel=rss&ns_source=PublicRSS20-sa,false
'VIDEO: Childhood abuse: Surviving the pain',http://www.bbc.co.uk/news/uk-31104374#sa-ns_mchannel=rss&ns_source=PublicRSS20-sa,false
'VIDEO: Vatican priests who are also recession astrophysicists',http://www.bbc.co.uk/news/magazine-31051635#sa-ns_mchannel=rss&ns_source=PublicRSS20-sa,true
'Minimising the hacker threat',http://www.bbc.co.uk/news/business-31048811#sa-ns_mchannel=rss&ns_source=PublicRSS20-sa,false
'How accurate are 'due dates'?',http://www.bbc.co.uk/news/magazine-31046144#sa-ns_mchannel=rss&ns_source=PublicRSS20-sa,false
'HS2 Bill tackles the nitty-gritty',http://www.bbc.co.uk/news/technology-31109340#sa-ns_mchannel=rss&ns_source=PublicRSS20-sa,false
'The scale of abuse',http://www.bbc.co.uk/news/magazine-31090416#sa-ns_mchannel=rss&ns_source=PublicRSS20-sa,false
'The men of steel with a softer side',http://www.bbc.co.uk/news/magazine-31057308#sa-ns_mchannel=rss&ns_source=PublicRSS20-sa,false
'In pictures: UK snow 3 February 2015',http://www.bbc.co.uk/news/uk-31110054#sa-ns_mchannel=rss&ns_source=PublicRSS20-sa,false
'Boko Haram attack: What happened in Baga?',http://www.bbc.co.uk/news/world-africa-30987043#sa-ns_mchannel=rss&ns_source=PublicRSS20-sa,false
'VIDEO: Footage shows huge starling formation',http://www.bbc.co.uk/news/science-environment-31105433#sa-ns_mchannel=rss&ns_source=PublicRSS20-sa,false
'VIDEO: Childhood abuse: Surviving the pain',http://www.bbc.co.uk/news/uk-31104374#sa-ns_mchannel=rss&ns_source=PublicRSS20-sa,false
'VIDEO: Vatican priests who are also recession astrophysicists',http://www.bbc.co.uk/news/magazine-31051635#sa-ns_mchannel=rss&ns_source=PublicRSS20-sa,true
'Minimising the hacker threat',http://www.bbc.co.uk/news/business-31048811#sa-ns_mchannel=rss&ns_source=PublicRSS20-sa,false
'How accurate are 'due dates'?',http://www.bbc.co.uk/news/magazine-31046144#sa-ns_mchannel=rss&ns_source=PublicRSS20-sa,false
'HS2 Bill tackles the nitty-gritty',http://www.bbc.co.uk/news/technology-31109340#sa-ns_mchannel=rss&ns_source=PublicRSS20-sa,false
'The scale of abuse',http://www.bbc.co.uk/news/magazine-31090416#sa-ns_mchannel=rss&ns_source=PublicRSS20-sa,false
'The men of steel with a softer side',http://www.bbc.co.uk/news/magazine-31057308#sa-ns_mchannel=rss&ns_source=PublicRSS20-sa,false
'In pictures: UK snow 3 February 2015',http://www.bbc.co.uk/news/uk-31110054#sa-ns_mchannel=rss&ns_source=PublicRSS20-sa,false
'Boko Haram attack: What happened in Baga?',http://www.bbc.co.uk/news/world-africa-30987043#sa-ns_mchannel=rss&ns_source=PublicRSS20-sa,false
'VIDEO: Footage shows huge starling formation',http://www.bbc.co.uk/news/science-environment-31105433#sa-ns_mchannel=rss&ns_source=PublicRSS20-sa,false
'VIDEO: Childhood abuse: Surviving the pain',http://www.bbc.co.uk/news/uk-31104374#sa-ns_mchannel=rss&ns_source=PublicRSS20-sa,false
'VIDEO: Vatican priests who are also recession astrophysicists',http://www.bbc.co.uk/news/magazine-31051635#sa-ns_mchannel=rss&ns_source=PublicRSS20-sa,true
'Minimising the hacker threat',http://www.bbc.co.uk/news/business-31048811#sa-ns_mchannel=rss&ns_source=PublicRSS20-sa,false
'How accurate are 'due dates'?',http://www.bbc.co.uk/news/magazine-31046144#sa-ns_mchannel=rss&ns_source=PublicRSS20-sa,false
'HS2 Bill tackles the nitty-gritty',http://www.bbc.co.uk/news/technology-31109340#sa-ns_mchannel=rss&ns_source=PublicRSS20-sa,false
'The scale of abuse',http://www.bbc.co.uk/news/magazine-31090416#sa-ns_mchannel=rss&ns_source=PublicRSS20-sa,false
'The men of steel with a softer side',http://www.bbc.co.uk/news/magazine-31057308#sa-ns_mchannel=rss&ns_source=PublicRSS20-sa,false
'In pictures: UK snow 3 February 2015',http://www.bbc.co.uk/news/uk-31110054#sa-ns_mchannel=rss&ns_source=PublicRSS20-sa,false
'Boko Haram attack: What happened in Baga?',http://www.bbc.co.uk/news/world-africa-30987043#sa-ns_mchannel=rss&ns_source=PublicRSS20-sa,false
'VIDEO: Footage shows huge starling formation',http://www.bbc.co.uk/news/science-environment-31105433#sa-ns_mchannel=rss&ns_source=PublicRSS20-sa,false
'VIDEO: Childhood abuse: Surviving the pain',http://www.bbc.co.uk/news/uk-31104374#sa-ns_mchannel=rss&ns_source=PublicRSS20-sa,false
